id1,id2,id3,id4,id5,id6,v1,v2,v3
16,16,42202,15,24,5971,5,11,37.211254
16,16,17974,40,43,14435,3,13,87.521355
47,23,84849,90,96,35790,2,9,93.348148
47,23,31441,50,44,71525,3,11,81.013682
47,23,67778,24,2,51862,4,9,30.718821
70,8,91167,78,4,23333,5,15,70.95464
